Employé,Affectation,Champ,Valeur attendue,Valeur reçue,Verdict,Priorité,Règle appliquée,Source décision,Limite connue,Confiance,Explication
1545850,A,__ASSIGNMENT__,,,ANOMALIE,CRITIQUE,,STRUCTURAL,,1.0,"Une affectation existe dans le système A, mais aucune affectation correspondante du même type n'a été trouvée dans le système B."
1545850,P,assignmentStartDate,1964-08-15,2016-04-01,ANOMALIE,ÉLEVÉE,Date d'effet du poste,RULE,,1.0,RULE_ASSIGNMENT_START non conforme. Valeur attendue pour assignmentStartDate: '1964-08-15'; valeur reçue: '2016-04-01'.
1545850,P,positionName,6585-Empl6585,3649-Empl3649,ANOMALIE,ÉLEVÉE,Concaténation emploi,RULE,,1.0,RULE_POSITION_NAME non conforme. Valeur attendue pour positionName: '6585-Empl6585'; valeur reçue: '3649-Empl3649'.
2173396,P,assignmentStartDate,1997-06-24,2019-04-29,ANOMALIE,ÉLEVÉE,Date d'effet du poste,RULE,,1.0,RULE_ASSIGNMENT_START non conforme. Valeur attendue pour assignmentStartDate: '1997-06-24'; valeur reçue: '2019-04-29'.
2173396,P,positionName,6900-Empl6900,5123-Empl5123,ANOMALIE,ÉLEVÉE,Concaténation emploi,RULE,,1.0,RULE_POSITION_NAME non conforme. Valeur attendue pour positionName: '6900-Empl6900'; valeur reçue: '5123-Empl5123'.
2648214,P,assignmentStartDate,1970-02-10,2001-02-05,ANOMALIE,ÉLEVÉE,Date d'effet du poste,RULE,,1.0,RULE_ASSIGNMENT_START non conforme. Valeur attendue pour assignmentStartDate: '1970-02-10'; valeur reçue: '2001-02-05'.
2648214,P,positionName,6972-Empl6972,5126-Empl5126,ANOMALIE,ÉLEVÉE,Concaténation emploi,RULE,,1.0,RULE_POSITION_NAME non conforme. Valeur attendue pour positionName: '6972-Empl6972'; valeur reçue: '5126-Empl5126'.
2747515,P,assignmentStartDate,1955-07-06,2009-03-30,ANOMALIE,ÉLEVÉE,Date d'effet du poste,RULE,,1.0,RULE_ASSIGNMENT_START non conforme. Valeur attendue pour assignmentStartDate: '1955-07-06'; valeur reçue: '2009-03-30'.
2747515,P,positionName,6203-Empl6203,4367-Empl4367,ANOMALIE,ÉLEVÉE,Concaténation emploi,RULE,,1.0,RULE_POSITION_NAME non conforme. Valeur attendue pour positionName: '6203-Empl6203'; valeur reçue: '4367-Empl4367'.
2762457,P,assignmentStartDate,1984-09-22,2009-03-30,ANOMALIE,ÉLEVÉE,Date d'effet du poste,RULE,,1.0,RULE_ASSIGNMENT_START non conforme. Valeur attendue pour assignmentStartDate: '1984-09-22'; valeur reçue: '2009-03-30'.
2762457,P,contractTypeCode,JWN,WHX,ANOMALIE,ÉLEVÉE,Type d'employé,RULE,,1.0,RULE_CONTRACT_TYPE non conforme. Valeur attendue pour contractTypeCode: 'JWN'; valeur reçue: 'WHX'.
2762457,P,positionName,6203-Empl6203,4367-Empl4367,ANOMALIE,ÉLEVÉE,Concaténation emploi,RULE,,1.0,RULE_POSITION_NAME non conforme. Valeur attendue pour positionName: '6203-Empl6203'; valeur reçue: '4367-Empl4367'.
2911996,P,assignmentStartDate,1988-09-02,2000-04-01,ANOMALIE,ÉLEVÉE,Date d'effet du poste,RULE,,1.0,RULE_ASSIGNMENT_START non conforme. Valeur attendue pour assignmentStartDate: '1988-09-02'; valeur reçue: '2000-04-01'.
2911996,P,dailyHoursOverride,7.0,8.0,ANOMALIE,ÉLEVÉE,,DIRECT,,1.0,Le champ possède une correspondance directe dans le mapping et les valeurs normalisées demeurent différentes. Aucune règle métier fournie ne justifie cet écart.
2911996,P,positionName,6051-Empl6051,0449-Empl0449,ANOMALIE,ÉLEVÉE,Concaténation emploi,RULE,,1.0,RULE_POSITION_NAME non conforme. Valeur attendue pour positionName: '6051-Empl6051'; valeur reçue: '0449-Empl0449'.
2911996,P,weeklyHoursOverride,35.0,40.0,ANOMALIE,ÉLEVÉE,,DIRECT,,1.0,Le champ possède une correspondance directe dans le mapping et les valeurs normalisées demeurent différentes. Aucune règle métier fournie ne justifie cet écart.
3241002,P,assignmentStartDate,2001-11-16,2022-10-05,ANOMALIE,ÉLEVÉE,Date d'effet du poste,RULE,,1.0,RULE_ASSIGNMENT_START non conforme. Valeur attendue pour assignmentStartDate: '2001-11-16'; valeur reçue: '2022-10-05'.
3241002,P,positionName,6203-Empl6203,4367-Empl4367,ANOMALIE,ÉLEVÉE,Concaténation emploi,RULE,,1.0,RULE_POSITION_NAME non conforme. Valeur attendue pour positionName: '6203-Empl6203'; valeur reçue: '4367-Empl4367'.
3241002,P,siteName,Emplacement48,Emplacement35,ANOMALIE,ÉLEVÉE,,DIRECT,,1.0,Le champ possède une correspondance directe dans le mapping et les valeurs normalisées demeurent différentes. Aucune règle métier fournie ne justifie cet écart.
3712987,P,assignmentStartDate,1993-05-23,2016-05-09,ANOMALIE,ÉLEVÉE,Date d'effet du poste,RULE,,1.0,RULE_ASSIGNMENT_START non conforme. Valeur attendue pour assignmentStartDate: '1993-05-23'; valeur reçue: '2016-05-09'.
3712987,P,contractTypeCode,JWN,XFLR,ANOMALIE,ÉLEVÉE,Type d'employé,RULE,,1.0,RULE_CONTRACT_TYPE non conforme. Valeur attendue pour contractTypeCode: 'JWN'; valeur reçue: 'XFLR'.
3712987,P,dailyHoursOverride,,8.0,ANOMALIE,ÉLEVÉE,,DIRECT,,1.0,Le champ possède une correspondance directe dans le mapping et les valeurs normalisées demeurent différentes. Aucune règle métier fournie ne justifie cet écart.
3712987,P,positionName,6031-Empl6031,0485-Empl0485,ANOMALIE,ÉLEVÉE,Concaténation emploi,RULE,,1.0,RULE_POSITION_NAME non conforme. Valeur attendue pour positionName: '6031-Empl6031'; valeur reçue: '0485-Empl0485'.
3712987,P,weeklyHoursOverride,,40.0,ANOMALIE,ÉLEVÉE,,DIRECT,,1.0,Le champ possède une correspondance directe dans le mapping et les valeurs normalisées demeurent différentes. Aucune règle métier fournie ne justifie cet écart.
4402456,P,assignmentStartDate,2001-02-05,2013-10-20,ANOMALIE,ÉLEVÉE,Date d'effet du poste,RULE,,1.0,RULE_ASSIGNMENT_START non conforme. Valeur attendue pour assignmentStartDate: '2001-02-05'; valeur reçue: '2013-10-20'.
4402456,P,dailyHoursOverride,7.2,8.0,ANOMALIE,ÉLEVÉE,,DIRECT,,1.0,Le champ possède une correspondance directe dans le mapping et les valeurs normalisées demeurent différentes. Aucune règle métier fournie ne justifie cet écart.
4402456,P,positionName,6031-Empl6031,0485-Empl0485,ANOMALIE,ÉLEVÉE,Concaténation emploi,RULE,,1.0,RULE_POSITION_NAME non conforme. Valeur attendue pour positionName: '6031-Empl6031'; valeur reçue: '0485-Empl0485'.
4402456,P,weeklyHoursOverride,36.0,40.0,ANOMALIE,ÉLEVÉE,,DIRECT,,1.0,Le champ possède une correspondance directe dans le mapping et les valeurs normalisées demeurent différentes. Aucune règle métier fournie ne justifie cet écart.
4625374,P,assignmentStartDate,1950-08-09,2025-03-24,ANOMALIE,ÉLEVÉE,Date d'effet du poste,RULE,,1.0,RULE_ASSIGNMENT_START non conforme. Valeur attendue pour assignmentStartDate: '1950-08-09'; valeur reçue: '2025-03-24'.
4625374,P,contractTypeCode,WHX,JWN,ANOMALIE,ÉLEVÉE,Type d'employé,RULE,,1.0,RULE_CONTRACT_TYPE non conforme. Valeur attendue pour contractTypeCode: 'WHX'; valeur reçue: 'JWN'.
4625374,P,positionName,6203-Empl6203,4367-Empl4367,ANOMALIE,ÉLEVÉE,Concaténation emploi,RULE,,1.0,RULE_POSITION_NAME non conforme. Valeur attendue pour positionName: '6203-Empl6203'; valeur reçue: '4367-Empl4367'.
4880692,P,assignmentStartDate,1969-04-04,2009-03-30,ANOMALIE,ÉLEVÉE,Date d'effet du poste,RULE,,1.0,RULE_ASSIGNMENT_START non conforme. Valeur attendue pour assignmentStartDate: '1969-04-04'; valeur reçue: '2009-03-30'.
4880692,P,positionName,6203-Empl6203,4367-Empl4367,ANOMALIE,ÉLEVÉE,Concaténation emploi,RULE,,1.0,RULE_POSITION_NAME non conforme. Valeur attendue pour positionName: '6203-Empl6203'; valeur reçue: '4367-Empl4367'.
6035643,P,assignmentStartDate,1960-12-04,2023-02-13,ANOMALIE,ÉLEVÉE,Date d'effet du poste,RULE,,1.0,RULE_ASSIGNMENT_START non conforme. Valeur attendue pour assignmentStartDate: '1960-12-04'; valeur reçue: '2023-02-13'.
6035643,P,positionName,6622-Empl6622,4368-Empl4368,ANOMALIE,ÉLEVÉE,Concaténation emploi,RULE,,1.0,RULE_POSITION_NAME non conforme. Valeur attendue pour positionName: '6622-Empl6622'; valeur reçue: '4368-Empl4368'.
6035643,P,siteName,Emplacement35,Emplacement48,ANOMALIE,ÉLEVÉE,,DIRECT,,1.0,Le champ possède une correspondance directe dans le mapping et les valeurs normalisées demeurent différentes. Aucune règle métier fournie ne justifie cet écart.
6783031,P,assignmentStartDate,1987-01-12,2009-03-30,ANOMALIE,ÉLEVÉE,Date d'effet du poste,RULE,,1.0,RULE_ASSIGNMENT_START non conforme. Valeur attendue pour assignmentStartDate: '1987-01-12'; valeur reçue: '2009-03-30'.
6783031,P,positionName,6203-Empl6203,4367-Empl4367,ANOMALIE,ÉLEVÉE,Concaténation emploi,RULE,,1.0,RULE_POSITION_NAME non conforme. Valeur attendue pour positionName: '6203-Empl6203'; valeur reçue: '4367-Empl4367'.
7070325,P,assignmentStartDate,1980-10-09,2009-07-06,ANOMALIE,ÉLEVÉE,Date d'effet du poste,RULE,,1.0,RULE_ASSIGNMENT_START non conforme. Valeur attendue pour assignmentStartDate: '1980-10-09'; valeur reçue: '2009-07-06'.
7070325,P,positionName,6622-Empl6622,4368-Empl4368,ANOMALIE,ÉLEVÉE,Concaténation emploi,RULE,,1.0,RULE_POSITION_NAME non conforme. Valeur attendue pour positionName: '6622-Empl6622'; valeur reçue: '4368-Empl4368'.
7254364,P,assignmentStartDate,1981-06-17,2025-10-20,ANOMALIE,ÉLEVÉE,Date d'effet du poste,RULE,,1.0,RULE_ASSIGNMENT_START non conforme. Valeur attendue pour assignmentStartDate: '1981-06-17'; valeur reçue: '2025-10-20'.
7254364,P,contractTypeCode,XFLR,JWN,ANOMALIE,ÉLEVÉE,Type d'employé,RULE,,1.0,RULE_CONTRACT_TYPE non conforme. Valeur attendue pour contractTypeCode: 'XFLR'; valeur reçue: 'JWN'.
7254364,P,positionName,6754-Empl6754,0509-Empl0509,ANOMALIE,ÉLEVÉE,Concaténation emploi,RULE,,1.0,RULE_POSITION_NAME non conforme. Valeur attendue pour positionName: '6754-Empl6754'; valeur reçue: '0509-Empl0509'.
7603160,P,assignmentStartDate,1971-05-19,2009-03-30,ANOMALIE,ÉLEVÉE,Date d'effet du poste,RULE,,1.0,RULE_ASSIGNMENT_START non conforme. Valeur attendue pour assignmentStartDate: '1971-05-19'; valeur reçue: '2009-03-30'.
7603160,P,positionName,6203-Empl6203,4367-Empl4367,ANOMALIE,ÉLEVÉE,Concaténation emploi,RULE,,1.0,RULE_POSITION_NAME non conforme. Valeur attendue pour positionName: '6203-Empl6203'; valeur reçue: '4367-Empl4367'.
7683990,P,assignmentStartDate,1971-02-13,2015-03-23,ANOMALIE,ÉLEVÉE,Date d'effet du poste,RULE,,1.0,RULE_ASSIGNMENT_START non conforme. Valeur attendue pour assignmentStartDate: '1971-02-13'; valeur reçue: '2015-03-23'.
7683990,P,dailyHoursOverride,7.2,8.0,ANOMALIE,ÉLEVÉE,,DIRECT,,1.0,Le champ possède une correspondance directe dans le mapping et les valeurs normalisées demeurent différentes. Aucune règle métier fournie ne justifie cet écart.
7683990,P,positionName,6725-Empl6725,4051-Empl4051,ANOMALIE,ÉLEVÉE,Concaténation emploi,RULE,,1.0,RULE_POSITION_NAME non conforme. Valeur attendue pour positionName: '6725-Empl6725'; valeur reçue: '4051-Empl4051'.
7683990,P,weeklyHoursOverride,36.0,40.0,ANOMALIE,ÉLEVÉE,,DIRECT,,1.0,Le champ possède une correspondance directe dans le mapping et les valeurs normalisées demeurent différentes. Aucune règle métier fournie ne justifie cet écart.
8142123,P,assignmentStartDate,1968-02-04,2009-03-30,ANOMALIE,ÉLEVÉE,Date d'effet du poste,RULE,,1.0,RULE_ASSIGNMENT_START non conforme. Valeur attendue pour assignmentStartDate: '1968-02-04'; valeur reçue: '2009-03-30'.
8142123,P,positionName,6203-Empl6203,4367-Empl4367,ANOMALIE,ÉLEVÉE,Concaténation emploi,RULE,,1.0,RULE_POSITION_NAME non conforme. Valeur attendue pour positionName: '6203-Empl6203'; valeur reçue: '4367-Empl4367'.
8644330,P,assignmentStartDate,1987-08-19,2001-02-05,ANOMALIE,ÉLEVÉE,Date d'effet du poste,RULE,,1.0,RULE_ASSIGNMENT_START non conforme. Valeur attendue pour assignmentStartDate: '1987-08-19'; valeur reçue: '2001-02-05'.
8644330,P,positionName,6031-Empl6031,0485-Empl0485,ANOMALIE,ÉLEVÉE,Concaténation emploi,RULE,,1.0,RULE_POSITION_NAME non conforme. Valeur attendue pour positionName: '6031-Empl6031'; valeur reçue: '0485-Empl0485'.
9989151,P,assignmentStartDate,2003-06-18,2021-03-30,ANOMALIE,ÉLEVÉE,Date d'effet du poste,RULE,,1.0,RULE_ASSIGNMENT_START non conforme. Valeur attendue pour assignmentStartDate: '2003-06-18'; valeur reçue: '2021-03-30'.
9989151,P,positionName,6203-Empl6203,4367-Empl4367,ANOMALIE,ÉLEVÉE,Concaténation emploi,RULE,,1.0,RULE_POSITION_NAME non conforme. Valeur attendue pour positionName: '6203-Empl6203'; valeur reçue: '4367-Empl4367'.
7683990,S,__ASSIGNMENT__,,,A_INVESTIGUER,ÉLEVÉE,,STRUCTURAL,,0.5,Plusieurs affectations candidates du même type existent dans les deux systèmes. Une correspondance unique ne peut pas être déterminée par les règles déterministes.
1545850,P,contactEmail,PNom1545850850@loto-quebec.com,dev-08-v2_PNom10370370@loto-quebec.com,A_INVESTIGUER,MOYENNE,Construction adresse courriel,RULE_LIMITATION,ANONYMIZATION_EMAIL,0.5,"La règle métier de construction du courriel a été appliquée correctement. Toutefois, les courriels du système B suivent une convention systématique différente qui semble liée à l'anonymisation du jeu de données. Aucune règle fournie ne permet de reconstruire cette transformation. L'écart est donc conservé comme cas à investiguer, mais n'est pas envoyé à l'IA puisque l'information nécessaire a été supprimée par l'anonymisation. Détail déterministe initial : RULE_EMAIL non conforme. Valeur attendue pour contactEmail: 'PNom1545850850@loto-quebec.com'; valeur reçue: 'dev-08-v2_PNom10370370@loto-quebec.com'."
2173396,P,contactEmail,PNom2173396396@loto-quebec.com,dev-08-v2_PNom10437437@loto-quebec.com,A_INVESTIGUER,MOYENNE,Construction adresse courriel,RULE_LIMITATION,ANONYMIZATION_EMAIL,0.5,"La règle métier de construction du courriel a été appliquée correctement. Toutefois, les courriels du système B suivent une convention systématique différente qui semble liée à l'anonymisation du jeu de données. Aucune règle fournie ne permet de reconstruire cette transformation. L'écart est donc conservé comme cas à investiguer, mais n'est pas envoyé à l'IA puisque l'information nécessaire a été supprimée par l'anonymisation. Détail déterministe initial : RULE_EMAIL non conforme. Valeur attendue pour contactEmail: 'PNom2173396396@loto-quebec.com'; valeur reçue: 'dev-08-v2_PNom10437437@loto-quebec.com'."
2648214,P,contactEmail,PNom2648214214@loto-quebec.com,dev-08-v2_PNom10470470@loto-quebec.com,A_INVESTIGUER,MOYENNE,Construction adresse courriel,RULE_LIMITATION,ANONYMIZATION_EMAIL,0.5,"La règle métier de construction du courriel a été appliquée correctement. Toutefois, les courriels du système B suivent une convention systématique différente qui semble liée à l'anonymisation du jeu de données. Aucune règle fournie ne permet de reconstruire cette transformation. L'écart est donc conservé comme cas à investiguer, mais n'est pas envoyé à l'IA puisque l'information nécessaire a été supprimée par l'anonymisation. Détail déterministe initial : RULE_EMAIL non conforme. Valeur attendue pour contactEmail: 'PNom2648214214@loto-quebec.com'; valeur reçue: 'dev-08-v2_PNom10470470@loto-quebec.com'."
2747515,P,contactEmail,PNom2747515515@loto-quebec.com,dev-08-v2_PNom10402402@loto-quebec.com,A_INVESTIGUER,MOYENNE,Construction adresse courriel,RULE_LIMITATION,ANONYMIZATION_EMAIL,0.5,"La règle métier de construction du courriel a été appliquée correctement. Toutefois, les courriels du système B suivent une convention systématique différente qui semble liée à l'anonymisation du jeu de données. Aucune règle fournie ne permet de reconstruire cette transformation. L'écart est donc conservé comme cas à investiguer, mais n'est pas envoyé à l'IA puisque l'information nécessaire a été supprimée par l'anonymisation. Détail déterministe initial : RULE_EMAIL non conforme. Valeur attendue pour contactEmail: 'PNom2747515515@loto-quebec.com'; valeur reçue: 'dev-08-v2_PNom10402402@loto-quebec.com'."
2762457,P,contactEmail,PNom2762457457@loto-quebec.com,dev-08-v2_PNom10398398@loto-quebec.com,A_INVESTIGUER,MOYENNE,Construction adresse courriel,RULE_LIMITATION,ANONYMIZATION_EMAIL,0.5,"La règle métier de construction du courriel a été appliquée correctement. Toutefois, les courriels du système B suivent une convention systématique différente qui semble liée à l'anonymisation du jeu de données. Aucune règle fournie ne permet de reconstruire cette transformation. L'écart est donc conservé comme cas à investiguer, mais n'est pas envoyé à l'IA puisque l'information nécessaire a été supprimée par l'anonymisation. Détail déterministe initial : RULE_EMAIL non conforme. Valeur attendue pour contactEmail: 'PNom2762457457@loto-quebec.com'; valeur reçue: 'dev-08-v2_PNom10398398@loto-quebec.com'."
2911996,P,contactEmail,PNom2911996996@loto-quebec.com,dev-08-v2_PNom10446446@loto-quebec.com,A_INVESTIGUER,MOYENNE,Construction adresse courriel,RULE_LIMITATION,ANONYMIZATION_EMAIL,0.5,"La règle métier de construction du courriel a été appliquée correctement. Toutefois, les courriels du système B suivent une convention systématique différente qui semble liée à l'anonymisation du jeu de données. Aucune règle fournie ne permet de reconstruire cette transformation. L'écart est donc conservé comme cas à investiguer, mais n'est pas envoyé à l'IA puisque l'information nécessaire a été supprimée par l'anonymisation. Détail déterministe initial : RULE_EMAIL non conforme. Valeur attendue pour contactEmail: 'PNom2911996996@loto-quebec.com'; valeur reçue: 'dev-08-v2_PNom10446446@loto-quebec.com'."
3241002,P,contactEmail,PNom3241002002@loto-quebec.com,dev-08-v2_PNom10434434@loto-quebec.com,A_INVESTIGUER,MOYENNE,Construction adresse courriel,RULE_LIMITATION,ANONYMIZATION_EMAIL,0.5,"La règle métier de construction du courriel a été appliquée correctement. Toutefois, les courriels du système B suivent une convention systématique différente qui semble liée à l'anonymisation du jeu de données. Aucune règle fournie ne permet de reconstruire cette transformation. L'écart est donc conservé comme cas à investiguer, mais n'est pas envoyé à l'IA puisque l'information nécessaire a été supprimée par l'anonymisation. Détail déterministe initial : RULE_EMAIL non conforme. Valeur attendue pour contactEmail: 'PNom3241002002@loto-quebec.com'; valeur reçue: 'dev-08-v2_PNom10434434@loto-quebec.com'."
3712987,P,contactEmail,PNom3712987987@loto-quebec.com,dev-08-v2_PNom10465465@loto-quebec.com,A_INVESTIGUER,MOYENNE,Construction adresse courriel,RULE_LIMITATION,ANONYMIZATION_EMAIL,0.5,"La règle métier de construction du courriel a été appliquée correctement. Toutefois, les courriels du système B suivent une convention systématique différente qui semble liée à l'anonymisation du jeu de données. Aucune règle fournie ne permet de reconstruire cette transformation. L'écart est donc conservé comme cas à investiguer, mais n'est pas envoyé à l'IA puisque l'information nécessaire a été supprimée par l'anonymisation. Détail déterministe initial : RULE_EMAIL non conforme. Valeur attendue pour contactEmail: 'PNom3712987987@loto-quebec.com'; valeur reçue: 'dev-08-v2_PNom10465465@loto-quebec.com'."
4402456,P,contactEmail,PNom4402456456@loto-quebec.com,dev-08-v2_PNom10460460@loto-quebec.com,A_INVESTIGUER,MOYENNE,Construction adresse courriel,RULE_LIMITATION,ANONYMIZATION_EMAIL,0.5,"La règle métier de construction du courriel a été appliquée correctement. Toutefois, les courriels du système B suivent une convention systématique différente qui semble liée à l'anonymisation du jeu de données. Aucune règle fournie ne permet de reconstruire cette transformation. L'écart est donc conservé comme cas à investiguer, mais n'est pas envoyé à l'IA puisque l'information nécessaire a été supprimée par l'anonymisation. Détail déterministe initial : RULE_EMAIL non conforme. Valeur attendue pour contactEmail: 'PNom4402456456@loto-quebec.com'; valeur reçue: 'dev-08-v2_PNom10460460@loto-quebec.com'."
4625374,P,contactEmail,PNom4625374374@loto-quebec.com,dev-08-v2_PNom10401401@loto-quebec.com,A_INVESTIGUER,MOYENNE,Construction adresse courriel,RULE_LIMITATION,ANONYMIZATION_EMAIL,0.5,"La règle métier de construction du courriel a été appliquée correctement. Toutefois, les courriels du système B suivent une convention systématique différente qui semble liée à l'anonymisation du jeu de données. Aucune règle fournie ne permet de reconstruire cette transformation. L'écart est donc conservé comme cas à investiguer, mais n'est pas envoyé à l'IA puisque l'information nécessaire a été supprimée par l'anonymisation. Détail déterministe initial : RULE_EMAIL non conforme. Valeur attendue pour contactEmail: 'PNom4625374374@loto-quebec.com'; valeur reçue: 'dev-08-v2_PNom10401401@loto-quebec.com'."
4880692,P,contactEmail,PNom4880692692@loto-quebec.com,dev-08-v2_PNom10404404@loto-quebec.com,A_INVESTIGUER,MOYENNE,Construction adresse courriel,RULE_LIMITATION,ANONYMIZATION_EMAIL,0.5,"La règle métier de construction du courriel a été appliquée correctement. Toutefois, les courriels du système B suivent une convention systématique différente qui semble liée à l'anonymisation du jeu de données. Aucune règle fournie ne permet de reconstruire cette transformation. L'écart est donc conservé comme cas à investiguer, mais n'est pas envoyé à l'IA puisque l'information nécessaire a été supprimée par l'anonymisation. Détail déterministe initial : RULE_EMAIL non conforme. Valeur attendue pour contactEmail: 'PNom4880692692@loto-quebec.com'; valeur reçue: 'dev-08-v2_PNom10404404@loto-quebec.com'."
6035643,P,contactEmail,PNom6035643643@loto-quebec.com,dev-08-v2_PNom10430430@loto-quebec.com,A_INVESTIGUER,MOYENNE,Construction adresse courriel,RULE_LIMITATION,ANONYMIZATION_EMAIL,0.5,"La règle métier de construction du courriel a été appliquée correctement. Toutefois, les courriels du système B suivent une convention systématique différente qui semble liée à l'anonymisation du jeu de données. Aucune règle fournie ne permet de reconstruire cette transformation. L'écart est donc conservé comme cas à investiguer, mais n'est pas envoyé à l'IA puisque l'information nécessaire a été supprimée par l'anonymisation. Détail déterministe initial : RULE_EMAIL non conforme. Valeur attendue pour contactEmail: 'PNom6035643643@loto-quebec.com'; valeur reçue: 'dev-08-v2_PNom10430430@loto-quebec.com'."
6783031,P,contactEmail,PNom6783031031@loto-quebec.com,dev-08-v2_PNom10389389@loto-quebec.com,A_INVESTIGUER,MOYENNE,Construction adresse courriel,RULE_LIMITATION,ANONYMIZATION_EMAIL,0.5,"La règle métier de construction du courriel a été appliquée correctement. Toutefois, les courriels du système B suivent une convention systématique différente qui semble liée à l'anonymisation du jeu de données. Aucune règle fournie ne permet de reconstruire cette transformation. L'écart est donc conservé comme cas à investiguer, mais n'est pas envoyé à l'IA puisque l'information nécessaire a été supprimée par l'anonymisation. Détail déterministe initial : RULE_EMAIL non conforme. Valeur attendue pour contactEmail: 'PNom6783031031@loto-quebec.com'; valeur reçue: 'dev-08-v2_PNom10389389@loto-quebec.com'."
7070325,P,contactEmail,PNom7070325325@loto-quebec.com,dev-08-v2_PNom10428428@loto-quebec.com,A_INVESTIGUER,MOYENNE,Construction adresse courriel,RULE_LIMITATION,ANONYMIZATION_EMAIL,0.5,"La règle métier de construction du courriel a été appliquée correctement. Toutefois, les courriels du système B suivent une convention systématique différente qui semble liée à l'anonymisation du jeu de données. Aucune règle fournie ne permet de reconstruire cette transformation. L'écart est donc conservé comme cas à investiguer, mais n'est pas envoyé à l'IA puisque l'information nécessaire a été supprimée par l'anonymisation. Détail déterministe initial : RULE_EMAIL non conforme. Valeur attendue pour contactEmail: 'PNom7070325325@loto-quebec.com'; valeur reçue: 'dev-08-v2_PNom10428428@loto-quebec.com'."
7254364,P,contactEmail,PNom7254364364@loto-quebec.com,dev-08-v2_PNom10466466@loto-quebec.com,A_INVESTIGUER,MOYENNE,Construction adresse courriel,RULE_LIMITATION,ANONYMIZATION_EMAIL,0.5,"La règle métier de construction du courriel a été appliquée correctement. Toutefois, les courriels du système B suivent une convention systématique différente qui semble liée à l'anonymisation du jeu de données. Aucune règle fournie ne permet de reconstruire cette transformation. L'écart est donc conservé comme cas à investiguer, mais n'est pas envoyé à l'IA puisque l'information nécessaire a été supprimée par l'anonymisation. Détail déterministe initial : RULE_EMAIL non conforme. Valeur attendue pour contactEmail: 'PNom7254364364@loto-quebec.com'; valeur reçue: 'dev-08-v2_PNom10466466@loto-quebec.com'."
7603160,P,contactEmail,PNom7603160160@loto-quebec.com,dev-08-v2_PNom10385385@loto-quebec.com,A_INVESTIGUER,MOYENNE,Construction adresse courriel,RULE_LIMITATION,ANONYMIZATION_EMAIL,0.5,"La règle métier de construction du courriel a été appliquée correctement. Toutefois, les courriels du système B suivent une convention systématique différente qui semble liée à l'anonymisation du jeu de données. Aucune règle fournie ne permet de reconstruire cette transformation. L'écart est donc conservé comme cas à investiguer, mais n'est pas envoyé à l'IA puisque l'information nécessaire a été supprimée par l'anonymisation. Détail déterministe initial : RULE_EMAIL non conforme. Valeur attendue pour contactEmail: 'PNom7603160160@loto-quebec.com'; valeur reçue: 'dev-08-v2_PNom10385385@loto-quebec.com'."
7683990,P,contactEmail,PNom7683990990@loto-quebec.com,dev-08-v2_PNom10477477@loto-quebec.com,A_INVESTIGUER,MOYENNE,Construction adresse courriel,RULE_LIMITATION,ANONYMIZATION_EMAIL,0.5,"La règle métier de construction du courriel a été appliquée correctement. Toutefois, les courriels du système B suivent une convention systématique différente qui semble liée à l'anonymisation du jeu de données. Aucune règle fournie ne permet de reconstruire cette transformation. L'écart est donc conservé comme cas à investiguer, mais n'est pas envoyé à l'IA puisque l'information nécessaire a été supprimée par l'anonymisation. Détail déterministe initial : RULE_EMAIL non conforme. Valeur attendue pour contactEmail: 'PNom7683990990@loto-quebec.com'; valeur reçue: 'dev-08-v2_PNom10477477@loto-quebec.com'."
8142123,P,contactEmail,PNom8142123123@loto-quebec.com,dev-08-v2_PNom10380380@loto-quebec.com,A_INVESTIGUER,MOYENNE,Construction adresse courriel,RULE_LIMITATION,ANONYMIZATION_EMAIL,0.5,"La règle métier de construction du courriel a été appliquée correctement. Toutefois, les courriels du système B suivent une convention systématique différente qui semble liée à l'anonymisation du jeu de données. Aucune règle fournie ne permet de reconstruire cette transformation. L'écart est donc conservé comme cas à investiguer, mais n'est pas envoyé à l'IA puisque l'information nécessaire a été supprimée par l'anonymisation. Détail déterministe initial : RULE_EMAIL non conforme. Valeur attendue pour contactEmail: 'PNom8142123123@loto-quebec.com'; valeur reçue: 'dev-08-v2_PNom10380380@loto-quebec.com'."
8644330,P,contactEmail,PNom8644330330@loto-quebec.com,dev-08-v2_PNom10473473@loto-quebec.com,A_INVESTIGUER,MOYENNE,Construction adresse courriel,RULE_LIMITATION,ANONYMIZATION_EMAIL,0.5,"La règle métier de construction du courriel a été appliquée correctement. Toutefois, les courriels du système B suivent une convention systématique différente qui semble liée à l'anonymisation du jeu de données. Aucune règle fournie ne permet de reconstruire cette transformation. L'écart est donc conservé comme cas à investiguer, mais n'est pas envoyé à l'IA puisque l'information nécessaire a été supprimée par l'anonymisation. Détail déterministe initial : RULE_EMAIL non conforme. Valeur attendue pour contactEmail: 'PNom8644330330@loto-quebec.com'; valeur reçue: 'dev-08-v2_PNom10473473@loto-quebec.com'."
9989151,P,contactEmail,PNom9989151151@loto-quebec.com,dev-08-v2_PNom10372372@loto-quebec.com,A_INVESTIGUER,MOYENNE,Construction adresse courriel,RULE_LIMITATION,ANONYMIZATION_EMAIL,0.5,"La règle métier de construction du courriel a été appliquée correctement. Toutefois, les courriels du système B suivent une convention systématique différente qui semble liée à l'anonymisation du jeu de données. Aucune règle fournie ne permet de reconstruire cette transformation. L'écart est donc conservé comme cas à investiguer, mais n'est pas envoyé à l'IA puisque l'information nécessaire a été supprimée par l'anonymisation. Détail déterministe initial : RULE_EMAIL non conforme. Valeur attendue pour contactEmail: 'PNom9989151151@loto-quebec.com'; valeur reçue: 'dev-08-v2_PNom10372372@loto-quebec.com'."
